{
    "events": [
        {
            "name": "cotswolds",
            "title": "Mizuno Southern Championship 2018",
            "date": "22 - 23 September",
            "course": "Cotswolds Club",
            "county": "Oxfordshire",
            "deposit": true,
            "amount": 35,
            "description": "Each year the members of the Mizuno Golf Forum get together to thrash round a golf course and find out just who can backup their online chat with real world endeavour!",
            "bullets": [
                {
                    "info": "Weekend long competition, with big prizes available!"
                },
                {
                    "info": "Held at the beautiful Cotswolds Club in Oxfordshire"
                },
                {
                    "info": "This year we will be running the main competition across both Saurday and Sunday, allowing for the victor to be the true champion!"
                }
            ],
            "costs": [
                {
                    "option": "1 Night, 2 Rounds, Sharing",
                    "cost": "£180"
                },
                {
                    "option": "1 Night, 2 Rounds, Single Supplement",
                    "cost": "£245"
                }
            ],
            "attendees": [
            ],
            "schedule": [
                {
                    "starttime": "Saturday 09:00",
                    "endtime": "10:00",
                    "title": "Arrivals",
                    "subtitle": "Bar"
                },
                {
                    "starttime": "Saturday 10:30",
                    "endtime": "15:00",
                    "title": "Round 1",
                    "subtitle": "Course"
                },
                {
                    "starttime": "Saturday 19:00",
                    "endtime": "22:00",
                    "title": "Dinner",
                    "subtitle": "Restaurant"
                },
                {
                    "starttime": "Sunday 08:00",
                    "endtime": "09:00",
                    "title": "Breakfast",
                    "subtitle": "Kings Restaurant"
                },
                {
                    "starttime": "Sunday 10:52",
                    "endtime": "15:30",
                    "title": "Round 2",
                    "subtitle": "Course"
                },
                {
                    "starttime": "Sunday 16:00",
                    "endtime": "17:00",
                    "title": "Prize Giving",
                    "subtitle": "Bar"
                }
            ],
            "option1": {
                "name": "Glove Size",
                "options": [
                    {
                        "choice": "S"
                    },
                    {
                        "choice": "M"
                    },
                    {
                        "choice": "ML"
                    },
                    {
                        "choice": "L"
                    }
                ]
            },
            "option2": {
                "name": "Accommodation",
                "options": [
                    {
                        "choice": "1 Night, 2 Rounds, Sharing"
                    },
                    {
                        "choice": "1 Night, 2 Rounds, Single Supplement"
                    }
                ]
            },
            "address": "Cotswolds Club, Southcombe, Chipping Norton, Oxon, OX7 5QH",
            "website": "http://golf.cotswoldsclub.co.uk/",
            "gmap": "https://www.google.com/maps/embed?pb=!1m14!1m8!1m3!1d157417.7422428019!2d-1.5107638!3d51.9402968!3m2!1i1024!2i768!4f13.1!3m3!1m2!1s0x0000000000000000%3A0x680aab633555f302!2sCotswolds+Hotel+%26+Spa!5e0!3m2!1sen!2suk!4v1524690040327"
        }
    ]
}